상품 이름,가격
[기간한정5%쿠폰] 데이라인 60수아사 순면 피그먼트 고정밴딩 침대패드,"26,900"
[15%쿠폰] 브랜드위크! NEW봄신상 차렵이불/커버/패드 특가,"38,600 외"
[NEW]미드센츄리 카이 먼지없는 항균 차렵이불세트 SS/Q 12컬러,"34,900"
봄맞이 그래이불 최대혜택 S/S시즌 이불/패드 특가전,"67,800 외"
,
,
,
,
,
,
,
,
,
,
[5%쿠폰]클린코튼 고밀도 순면60수 광폭 호텔식 옥수수솜 차렵이불 6색상,"64,900"
유아KC 스탠다드/항균 WP워터쉴드 방수매트리스커버 10사이즈,"9,900"
[10%쿠폰][1+1]100% 빛차단 공간분리 온도조절 3중직 거실 창문 암막커튼,"29,500"
[10%쿠폰] 부드러운 카스테라 워싱 항균 옥수수솜 간절기/사계절 차렵이불세트,"35,900"
[기간한정5%쿠폰] 데이라인 60수아사 순면 피그먼트 고정밴딩 침대패드,"26,900"
[15%쿠폰] 브랜드위크! NEW봄신상 차렵이불/커버/패드 특가,"38,600 외"
[NEW]미드센츄리 카이 먼지없는 항균 차렵이불세트 SS/Q 12컬러,"34,900"
봄맞이 그래이불 최대혜택 S/S시즌 이불/패드 특가전,"67,800 외"
,
,
,
,
,
,
,
,
,
,
[5%쿠폰]클린코튼 고밀도 순면60수 광폭 호텔식 옥수수솜 차렵이불 6색상,"64,900"
유아KC 스탠다드/항균 WP워터쉴드 방수매트리스커버 10사이즈,"9,900"
[10%쿠폰][1+1]100% 빛차단 공간분리 온도조절 3중직 거실 창문 암막커튼,"29,500"
[10%쿠폰] 부드러운 카스테라 워싱 항균 옥수수솜 간절기/사계절 차렵이불세트,"35,900"
[5%쿠폰][맞춤]비침없는 도톰 레이스/쉬폰커튼(나비주름/핀형/봉집),"16,800"
[10%쿠폰]이지케어 워셔블 슬러브 러그 카페트,"25,800"
[오늘의딜/10%쿠폰]복숭아촉감 먼지없는 스테이 차렵이불세트 14color,"39,900"
[쿠폰] 헤링본 워셔블 사이잘룩 사계절 러그카페트 9size 8colors,"8,900"
[기간한정5%쿠폰] 데이라인 60수아사 순면 피그먼트 고정밴딩 침대패드,"26,900"
[15%쿠폰] 브랜드위크! NEW봄신상 차렵이불/커버/패드 특가,"38,600 외"
[NEW]미드센츄리 카이 먼지없는 항균 차렵이불세트 SS/Q 12컬러,"34,900"
봄맞이 그래이불 최대혜택 S/S시즌 이불/패드 특가전,"67,800 외"
,
,
,
,
,
,
,
,
,
,
[맞춤]브라우니 린넨 암막커튼 핀형/아일렛형/형상기억 33색상,"19,800"
워셔블 단모 사계절 극세사 로망스 먼지없는 러그 카페트 4color,"15,800"
내츄럴 콤비블라인드 롤스크린 암막 못없이 설치 45colors,"2,000"
[단독] DIY 방염 타일카페트 (50x50cm),"29,800"
미드센추리 카이 항균 먼지없는 홑매트리스커버 4사이즈 18컬러,"9,900"
[단독]두부처럼 몽글몽글 두부이불 간절기/사계절 이불세트 21컬러,"35,900"
원목 오동나무 우드블라인드 거실 베란다 창문 40colors,"7,900"
로이 항균 먼지없는 4면 고정밴딩 침대패드 SS/Q 19컬러,"16,900"
롤로아 방수가죽 식탁보 테이블보 테이블커버 16color12size,"12,900"
25mm 알루미늄 블라인드 거실 창문 35colors,"8,900"
사박사박 고밀도순면 도즈 60수 차렵이불세트 16color,"59,900"
뮤즈 순면 고밀도 바이오워싱 호텔침구 알러지케어 차렵이불세트 SS/Q,"69,900"
[기간한정5%쿠폰] 데이라인 60수아사 순면 피그먼트 고정밴딩 침대패드,"26,900"
[10%쿠폰] 메리미 이중레이스 화이트 암막커튼 2장 4size,"49,900"
1+1 오리지널 호텔식 기절베개 / 알러지케어 / 물세탁가능,"22,900"
선데이 사계절 워셔블 거실 러그 카페트 7size 4colors,"18,900"
[기간한정5%쿠폰] 데이라인 60수아사 순면 피그먼트 고정밴딩 침대패드,"26,900"
[15%쿠폰] 브랜드위크! NEW봄신상 차렵이불/커버/패드 특가,"38,600 외"
[NEW]미드센츄리 카이 먼지없는 항균 차렵이불세트 SS/Q 12컬러,"34,900"
봄맞이 그래이불 최대혜택 S/S시즌 이불/패드 특가전,"67,800 외"
,
,
,
,
,
,
,
,
,
,
1+1 오리지널 호텔식 기절베개 / 알러지케어 / 물세탁가능,"22,900"
선데이 사계절 워셔블 거실 러그 카페트 7size 4colors,"18,900"
[5%쿠폰]시원산뜻 디어썸머 시어서커 여름 차렵이불세트 SS/Q/K 12color,"44,900"
[쿠폰][맞춤]마이크로모달 알러지케어 워싱 고정밴드 광폭 침대패드 6색상,"18,900"
[10%쿠폰] 먼지없는 헤링본 사이잘룩 사계절 러그 카페트 8size,"7,900"
"[5%쿠폰](1+1) 소프트 암막커튼 6컬러 3size 창문,거실,안방,아일렛","16,900"
우드폼 거실 창문 우드 블라인드 물청소 가능 14colors,"7,900"
린 항균 먼지없는 오코텍스인증 침대스커트SS/Q 7컬러,"19,900"
국내 최다칼라 천일 타일카페트 셀프 인테리어 DIY 베란다 거실 사무실,"2,700"
[15%쿠폰]클린 60수 고밀도 양면 이불커버세트SS/Q/K/EK 10색상,"36,800"
[10%쿠폰/리뷰이벤트] 비침없는 도톰차르르 높이조절 아일렛형 봉집형 나비주름 쉬폰커튼,"9,800"
[오늘의딜/10%쿠폰]사계절 워셔블 모던 러그 카페트 거실 대형 5size 8colors,"8,900"
[쿠폰] DIY 사이잘룩 타일카페트 18컬러(50x50cm) 1P,"1,500"
1+1/2+2 엠보극세사 경추베개솜 베개커버 미포함 낮은베개 2size,"10,900"
못없이 커튼봉! 안뚫어고리 못없이 달기 봉브라켓세트 2개,"6,900"
[10%쿠폰] 모달와플 홑이불 스프레드 사계절이불 쇼파커버(XS/SS/Q&K),"13,900"
[기간한정5%쿠폰] 데이라인 60수아사 순면 피그먼트 고정밴딩 침대패드,"26,900"
[15%쿠폰] 브랜드위크! NEW봄신상 차렵이불/커버/패드 특가,"38,600 외"
[NEW]미드센츄리 카이 먼지없는 항균 차렵이불세트 SS/Q 12컬러,"34,900"
봄맞이 그래이불 최대혜택 S/S시즌 이불/패드 특가전,"67,800 외"
,
,
,
,
,
,
,
,
,
,
[10%쿠폰] NEW 구름같이 포근한 그루밍 프릴 사계절 항균 옥수수솜 차렵이불,"36,900"
[단독]마시멜로우 먼지없는 항균 워싱 이불베개세트SS/Q 11컬러,"39,900"
32mm 강력스프링 압축봉 커튼봉 (70~460cm) 큰사이즈도 배송비 추가X,"7,900"
(1+1) 빛차단 공간분리 베이직 3중직 창문 암막커튼 12color,"18,900"
봄맞이 체리블라썸! 깨끗한 16수 워싱면 광목100% 사계절 쇼파커버 베이직 1~5인용,"28,900"
1+1 쉐도우 100% 빛차단 방한 방풍 암막커튼 빠른 맞춤제작 11컬러,"29,800"
[쿠폰] 프리미엄 비침없는 밀크 쉬폰 커튼 높이조절 2type (맞춤제작),"17,000"
울트라파인화이바 더클라우딩 밴딩형토퍼 S/SS/Q/K 5colors,"34,900"
[1+1]국내산 빨아쓰는 호텔식 마이크로화이바 항균 소프트 베개솜 2size,"15,900"
[10%쿠폰] 프리미엄 더쉼 진드기차단 침대 방수 매트리스커버 11사이즈 9컬러,"9,900"
[10%쿠폰] 코지베어 말랑말랑 먼지없는 차렵이불세트 SS/Q/K,"33,200"
[10%쿠폰]데일리 컬러랜드 먼지없는 세미마이크로 고정밴딩 침대패드 11색상,"15,900"
[기간한정5%쿠폰] 데이라인 60수아사 순면 피그먼트 고정밴딩 침대패드,"26,900"
[15%쿠폰] 브랜드위크! NEW봄신상 차렵이불/커버/패드 특가,"38,600 외"
[NEW]미드센츄리 카이 먼지없는 항균 차렵이불세트 SS/Q 12컬러,"34,900"
봄맞이 그래이불 최대혜택 S/S시즌 이불/패드 특가전,"67,800 외"
,
,
,
,
,
,
,
,
,
,
먼지없는 방수러그 거실러그 단모 대형 러그 카페트 애견매트 5컬러,"54,000"
워셔블 방수 러그 거실 사계절 카페트 맞춤 6size 2색상,"27,900"
[10%쿠폰] 먼지없는 솔리드 고중량 사이잘룩 사계절 러그 카페트 8size,"7,900"
1+1 발망치 그만 포근한 룸 슬리퍼 커플 세트_도톰 스트라이프,"15,900"
[10%쿠폰]말랑말랑 디저트 먼지없는 차렵이불세트 SS/Q/K 18color,"39,900"
[사계절 커튼] 나비주름 암막커튼 맞춤제작,"22,100"
디아르 플래티넘 실리콘 식탁매트 식탁 테이블매트 국내생산,"7,900"
moroco romantic 순면 가리개커튼 창문형/긴창형 2colors,"14,900"
[10%쿠폰] 먼지없는 크레용 팝컬러 워셔블 러그 카페트 8size,"8,900"
1+1 햇빛차단! 솔리드 아일렛 암막커튼 5size 16컬러,"10,400"
[맞춤] 못없이 설치 광목 순면체크 책장/선반 가리개커튼 봉집/밸크로20type,"17,900"
소파 커버 덮개 캠핑 블랭킷 5size 4colors,"9,500"
알러지케어 가드 M2 차렵이불세트 SS/Q/K 8color,"49,900"
[단독] 순면100% 보이드 호텔식 홑겹베개커버 (40x60)(50x70),"4,500"
프리미엄 항균 딥슬립 토퍼형 방수매트리스커버 S/SS/Q/K,"20,900"
[10%쿠폰] 순면 피그먼트 워싱 줄누빔 사계절 이불 겸 침대패드 12컬러,"27,900"
[기간한정5%쿠폰] 데이라인 60수아사 순면 피그먼트 고정밴딩 침대패드,"26,900"
[15%쿠폰] 브랜드위크! NEW봄신상 차렵이불/커버/패드 특가,"38,600 외"
[NEW]미드센츄리 카이 먼지없는 항균 차렵이불세트 SS/Q 12컬러,"34,900"
봄맞이 그래이불 최대혜택 S/S시즌 이불/패드 특가전,"67,800 외"
,
,
,
,
,
,
,
,
,
,
[10%쿠폰] 먼지없는 워셔블 거실 러그 카페트 생활방수/사계절/대형 6size,"22,900"
[1+1]국내산 빨아쓰는 호텔식 마이크로화이바 항균 경추 베개솜 2size,"26,900"
[맞춤]차르르 호텔식 항균 거실 안방 듀오 암막커튼(핀형/아일렛형/형상기억)12컬러,"22,500"
차르르 도톰 린넨 거실 창문 쉬폰 속커튼 커튼 나비주름,110
[5%쿠폰]퐁신퐁신 리본케이크 먼지없는 차렵이불세트 3color,"45,900"
[1+1]컬러스토리 햇빛차단/방풍방한 암막커튼 작은창/긴창 20컬러,"12,900"
NEW보송시원 썸머듀얼 시어서커 양면 여름 차렵이불세트 10color,"49,900"
누빔 방수 패드 일체형 매트리스커버 S/SS/Q/K 5color,"20,500"
사박 도즈 60수 고밀도순면 이불커버세트 SS/Q/K 16color,"49,900"
1+1 알루미늄 블라인드 90 x 150 2개,"51,800"
[10%쿠폰] 데이 링클 워싱 마이크로 차렵이불세트 SS/Q/K 5색상,"34,600"
시원한 여름 고정밴딩 침대 패드 SS/Q 8colors,"18,900"
[5%쿠폰]집순이 슬리브 삼각등쿠션(솜포함) 8color,"16,900"
[단독][10%쿠폰] 겉바속촉 호텔식 고밀도 순면60수 홑/누빔 이불커버 13컬러,"39,900"
[기간한정5%쿠폰] 데이라인 60수아사 순면 피그먼트 고정밴딩 침대패드,"26,900"
[15%쿠폰] 브랜드위크! NEW봄신상 차렵이불/커버/패드 특가,"38,600 외"
[NEW]미드센츄리 카이 먼지없는 항균 차렵이불세트 SS/Q 12컬러,"34,900"
봄맞이 그래이불 최대혜택 S/S시즌 이불/패드 특가전,"67,800 외"
,
,
,
,
,
,
,
,
,
,
사계절 차렵이불 세트(이불+패드+베개커버) SS/Q 2color,"24,800"
1+1 화이트 암막커튼 4size 3type 린넨룩/3중직 솔리드,"26,900"
[쿠폰] 워셔블 비정형 구름 러그 3type 4size,"32,900"
청량한 촉감 고밀도워싱 호텔이불 사과이불 차렵이불세트 10컬러,"59,900"
[10%쿠폰]내추럴 순면 40수 밴딩 침대패드 SS/Q/K/EK 7색상,"19,500"
후기 3만개! 피아블 클래식 방수 매트리스커버 4size 3colors,"9,500"
대형 패브릭포스터 가리개커튼 포토 시리즈 모음 1~40,"22,900"
메모리아 워셔블 러그 먼지없는 카페트 원형/타원형 9사이즈 3컬러,"18,900"
1+1 콤비블라인드 롤스크린 네츄럴 암막 10colors,"40,800"
2+2 디망쉬 암막+디망쉬 레이스커튼 4장세트 10color 4size,"46,900"
[10%쿠폰]비비드셔닐 방수 극세사 러그 대형 거실 카페트 8color,"14,900"
모던데일 뽀송 메모리폼 욕실 발매트 (60*40),"9,900"
[5%쿠폰]미드센추리 빈티지맨션 60수 고밀도순면 차렵이불세트 8color,"65,900"
레온 워셔블 러그 카페트 거실 사계절 5Color 5Size,"32,900"
[기간한정5%쿠폰] 데이라인 60수아사 순면 피그먼트 고정밴딩 침대패드,"26,900"
[15%쿠폰] 브랜드위크! NEW봄신상 차렵이불/커버/패드 특가,"38,600 외"
[NEW]미드센츄리 카이 먼지없는 항균 차렵이불세트 SS/Q 12컬러,"34,900"
봄맞이 그래이불 최대혜택 S/S시즌 이불/패드 특가전,"67,800 외"
,
,
,
,
,
,
,
,
,
,
[NEW]미드센츄리 카이 먼지없는 항균 차렵이불세트 SS/Q 12컬러,"34,900"
예쁜조합 모두 모았다 알러지케어 먼지없는 패턴 베개커버 36종,"12,900"
못없이 커튼봉 설치! 안뚫어고리ver.4 2color,"6,900"
사계절 물세탁 단모 빈티지 가든 러그 카페트 2size,"32,900"
네츄럴 콤비블라인드 롤스크린 암막 46colors,"2,000"
[단독] 스트라이프 순면 항균 옥수수솜 양면 차렵이불 세트 SS/Q/LK 5colors,"59,900"
믹스매치 워셔블 타원 원형 포인트 거실 러그카페트 4size,"11,900"
못없이 커튼봉 설치! 안뚫어고리 ver.1 2color,"6,900"
슈가 시어서커X순면 시원한 양면 여름차렵이불 세트 6색상,"64,000"
[10%쿠폰] 체커보드 워셔블 러그 카페트 5size,"9,900"
[단독] 친환경 인증 DIY 셀프 인테리어 방염 타일카페트 (50X50),"3,000"
라운드 오동나무 원목블라인드 못없이 설치 26colors,"12,900"
[기간한정5%쿠폰] 데이라인 60수아사 순면 피그먼트 고정밴딩 침대패드,"26,900"
[15%쿠폰] 브랜드위크! NEW봄신상 차렵이불/커버/패드 특가,"38,600 외"
[NEW]미드센츄리 카이 먼지없는 항균 차렵이불세트 SS/Q 12컬러,"34,900"
봄맞이 그래이불 최대혜택 S/S시즌 이불/패드 특가전,"67,800 외"
,
,
,
,
,
,
,
,
,
,
1+1 비비드 테리 룸슬리퍼 컬러 실내화,"38,000"
[5%쿠폰]디어썸머 시어서커 여름 홑이불세트 SS/Q/K 12color,"27,900"
1+1 듀얼쉐이드 네츄럴 콤비블라인드 39colors,"33,800"
모노체크 먼지없는 가리개커튼 창문형/긴창형 5colors,"9,900"
마이크로 항균 매트리스커버 및 패드 S/SS/Q/K,"12,900"
[10%쿠폰/리뷰이벤트] 크림 화이트 양면 암막 커튼 방풍 커튼,"19,800"
인기디자인! 폭신한 마이 버디 발매트/포인트 러그 7types,"13,900"
[단독]퓨어코튼 고밀도 60수 워싱 무봉제 이불세트 SS/Q 13컬러,"65,900"
[10%쿠폰][단독]'신규컬러' 파스텔 이음선없는사계절 워싱 옥수수솜 차렵이불세트 13색상,"37,900"
[맞춤] 루체르 100% 차단 방한 방풍 린넨 암막커튼 핀형/아일렛형 10색상,"18,900"
[단독] 못없이설치 비침없는 국산 도톰 쉬폰 가리개커튼 봉집/벨크로찍찍이,"9,900"
데뮤어 스트라이프 자일리톨 순면뱀부서커 여름이불세트 SS/Q 5컬러,"49,900"
암막 콤비블라인드 거실 롤스크린 못없이 설치 42colors,"8,900"
먼지없는 알러지케어 M2 세이브 차렵이불세트 SS/Q/K 12colors,"49,900"
[기간한정5%쿠폰] 데이라인 60수아사 순면 피그먼트 고정밴딩 침대패드,"26,900"
[15%쿠폰] 브랜드위크! NEW봄신상 차렵이불/커버/패드 특가,"38,600 외"
[NEW]미드센츄리 카이 먼지없는 항균 차렵이불세트 SS/Q 12컬러,"34,900"
봄맞이 그래이불 최대혜택 S/S시즌 이불/패드 특가전,"67,800 외"
,
,
,
,
,
,
,
,
,
,
암막 콤비블라인드 거실 롤스크린 못없이 설치 42colors,"8,900"
먼지없는 알러지케어 M2 세이브 차렵이불세트 SS/Q/K 12colors,"49,900"
[10%쿠폰]이지케어 워셔블 슬러브 주방 발매트(8colors/3size),"9,900"
[5%쿠폰][맞춤] 암막 콤비블라인드 못없이 간편설치 안뚫어고리 거실,"17,900"
[단독]NEW 모달와플 사계절 이불 겸 패드 스프레드 3size,"18,000"
벤스 몰드형 거실화 4colors,"9,800"
[단독][형상가공/암막/맞춤] 샌드 커튼_3color,"89,000"
[봄맞이쿠폰] 순수 오가닉 코튼100 알러지케어 호텔 침구세트 4컬러,"64,900"
[무료배송](1+1) 먼지없이 부드러운 사계절 베개커버 2size 10color,"4,900"
차렵이불 알러지케어 이불 모달 극세사 가을 겨울 사계절 먼지없는 간절기 침구 세트,"39,900"
두들 러그 카페트 거실 사계절 디자인 대형 3size,"40,900"
[5%쿠폰] 클래식 고밀도 순면80수 광폭 호텔식 옥수수솜 차렵이불 세트 8색상,"85,800"
[단독] 1+1 부드러운 극세사 밍크 담요 11종 택2 3사이즈,"10,500"
[단독]에브리데이 진드기(빈대)차단 방수 매트리스커버 8color/4size,"14,900"
[기간한정5%쿠폰] 데이라인 60수아사 순면 피그먼트 고정밴딩 침대패드,"26,900"
[15%쿠폰] 브랜드위크! NEW봄신상 차렵이불/커버/패드 특가,"38,600 외"
[NEW]미드센츄리 카이 먼지없는 항균 차렵이불세트 SS/Q 12컬러,"34,900"
봄맞이 그래이불 최대혜택 S/S시즌 이불/패드 특가전,"67,800 외"
,
,
,
,
,
,
,
,
,
,
내추럴 광목 가리개커튼 창문형/긴창형,"14,900"
맞춤 생크림촉감 마이크로모달 알러지케어 워싱 광폭 매트리스커버 SS/Q/K 6color,"25,900"
[10%쿠폰] 인디체크 순면 사계절 차렵이불세트 SS/Q/K/EK 4색상,"38,900"
암막방염 블라인드 거실 베란다 롤스크린 창문 32colors,"2,500"
플로라 가죽 방수 타원형 식탁매트 테이블 매트 북유럽풍 이쁜식탁보 10colors,"6,700"
[5%쿠폰]사박사박 컬러풀 60수 고밀도 호텔이불 먼지없는 차렵이불세트,"65,900"
워셔블 소프트 모던 사계절 원형 러그 카페트4size 8color,"12,800"
[단독]버터 부드러운 고정밴딩 침대패드 SS/Q/K 10color,"14,900"
[5%쿠폰]NEW메리제인 셔링시어서커 여름 차렵이불세트 SS/Q/K 7color,"49,900"
[5%쿠폰][맞춤] 화이트 나비주름 암막커튼 3type,"23,900"
1+1 우드블라인드 오동나무 원목,"49,800"
[단독]토파즈 60수 고밀도워싱 호텔 차렵이불세트SS/Q/K/EK,"56,500"
모던 패턴러그 5type,"49,900"
디아르 프리미엄 극세사 욕실 주방 화장실 미끄럼방지 발매트 5colors,"11,000"
NEW 컬러! 부드러운 아멜리 알러지케어 워싱 옥수수솜 무봉제 차렵이불세트 18colors,"29,900"
1+1 스텔라 빛차단 형상기억 안심 암막 커튼,"39,800"
[기간한정5%쿠폰] 데이라인 60수아사 순면 피그먼트 고정밴딩 침대패드,"26,900"
[15%쿠폰] 브랜드위크! NEW봄신상 차렵이불/커버/패드 특가,"38,600 외"
[NEW]미드센츄리 카이 먼지없는 항균 차렵이불세트 SS/Q 12컬러,"34,900"
봄맞이 그래이불 최대혜택 S/S시즌 이불/패드 특가전,"67,800 외"
,
,
,
,
,
,
,
,
,
,
NEW 컬러! 부드러운 아멜리 알러지케어 워싱 옥수수솜 무봉제 차렵이불세트 18colors,"29,900"
1+1 스텔라 빛차단 형상기억 안심 암막 커튼,"39,800"
비정형 워셔블 온감 러그 단모 사계절 뭉게구름 카페트 6colors (3size),"39,900"
[오늘의딜] [7%쿠폰] 사각사각 알러지케어 호텔 이불커버세트 8colors,"74,900"
24SS 부드러운 먼지없는 차렵이불 세트 SS/Q 8colors,"26,900"
블랭크 패브릭 파티션 프리미엄 광목 가리개커튼 패브릭 가벽 5size,"14,600"
[단독] 구름촉감 알러지케어 사계절 몽실 차렵이불 세트 SS/Q/LK 10color,"52,500"
[단독] 순면100% 보이드 호텔식 홑겹매트커버 SS/Q/K 13컬러,"14,900"
미드센추리 카이 항균 소프트마이크로 베개커버 50*70 12컬러,"6,800"
폭신한 층간소음 테리 홈 실내화 3color,"16,800"
3컬러! GOOD THINGS TAKE TIME 러그 3종 택1 블루/블랙/핑크,"24,900"
[단독]순면100% 보이드 호텔식 누빔패드 고정밴드 SS/Q/K/KK 13컬러,"21,900"
멜란체크 층간소음 슬리퍼 5colors 2size,"12,800"
[10%쿠폰]셔닐 벨벳 생활방수+항균기능 워셔블 방수 러그 카페트 7color 14size,"13,900"
[기간한정5%쿠폰] 데이라인 60수아사 순면 피그먼트 고정밴딩 침대패드,"26,900"
[15%쿠폰] 브랜드위크! NEW봄신상 차렵이불/커버/패드 특가,"38,600 외"
[NEW]미드센츄리 카이 먼지없는 항균 차렵이불세트 SS/Q 12컬러,"34,900"
봄맞이 그래이불 최대혜택 S/S시즌 이불/패드 특가전,"67,800 외"
,
,
,
,
,
,
,
,
,
,
3컬러! GOOD THINGS TAKE TIME 러그 3종 택1 블루/블랙/핑크,"24,900"
[단독]순면100% 보이드 호텔식 누빔패드 고정밴드 SS/Q/K/KK 13컬러,"21,900"
멜란체크 층간소음 슬리퍼 5colors 2size,"12,800"
[10%쿠폰]셔닐 벨벳 생활방수+항균기능 워셔블 방수 러그 카페트 7color 14size,"13,900"
봄맞이 주문제작 프렌치 스트라이프 포인트 가리개커튼,"19,500"
[10%쿠폰] 카스테라 고정밴딩 누빔 침대패드 카페트 SS/Q/K 14color,"26,900"
베개 다운필 호텔베개 빨아쓰는 수면 낮은 베개솜,"17,900"
1+1 린넨 실내화 실내 거실 사무실 커플 층간소음 폭신한 쿠션 슬리퍼,"8,900"
[단독][맞춤] 세탁이 편한 호텔식 형상기억 3중직 방풍 퓨어화이트 암막커튼,"36,000"
[10%쿠폰] NEW 먼지없는 모던체크 사계절 차렵이불세트 SS/Q 7컬러,"32,900"
[단독]보들보들 프리미엄 고밀도 마일드 매트리스커버 S/SS/D/Q/K 8컬러,"7,900"
[5%쿠폰] 고밀도 수피마 코튼 100수 고밀도 호텔식 차렵이불세트 4색상,"82,900"
사이즈 고민 NO 하나로 올핏 스판 스탠드 에어컨커버 (전기종 호환),"30,900"
데일리무드 고밀도 순면 60수 호텔식 차렵이불세트 5color,"85,900"
(5%추가할인) 시어서커 여름 고정밴딩 침대패드 쿨매트 11size 6colors,"17,900"
다이아 토퍼 소파패드 소파 커버 4colors 5size,"12,700"
[기간한정5%쿠폰] 데이라인 60수아사 순면 피그먼트 고정밴딩 침대패드,"26,900"
[15%쿠폰] 브랜드위크! NEW봄신상 차렵이불/커버/패드 특가,"38,600 외"
[NEW]미드센츄리 카이 먼지없는 항균 차렵이불세트 SS/Q 12컬러,"34,900"
봄맞이 그래이불 최대혜택 S/S시즌 이불/패드 특가전,"67,800 외"
,
,
,
,
,
,
,
,
,
,
사이즈 고민 NO 하나로 올핏 스판 스탠드 에어컨커버 (전기종 호환),"30,900"
데일리무드 고밀도 순면 60수 호텔식 차렵이불세트 5color,"85,900"
(5%추가할인) 시어서커 여름 고정밴딩 침대패드 쿨매트 11size 6colors,"17,900"
다이아 토퍼 소파패드 소파 커버 4colors 5size,"12,700"
[10%쿠폰] 이안 스트라이프 순면 양면 차렵이불 SS/Q/K 4colors,"85,000"
카바나 포인트 욕실 발매트 45x65 6colors,"13,500"
TEXTURED 포르투갈 코튼 러그 카페트 4size,"39,000"
100% 암막커튼 커텐 안방 거실 방한 방풍 차르르 쉬폰속지,190
로망스 심플 단모 사계절 거실 원형 러그 4colors,"15,800"
프리미엄 고탄력 만능 사계절 스판 쇼파커버 하나로 올핏 1~5인용/스툴,"89,000"
Brunch Brother 발매트 라이언,"11,000"
세일러 스트라이프 미끄럼방지 발매트 집들이 선물 먼지없는 러그 (2 Colors),"39,400"
[리퍼]크리미 단모 사계절 러그 카페트 8size 8colors,"7,500"
1+1/2+2 엠보극세사 베개솜 베개커버 미포함 2size 높은베개,"9,900"
포근감촉 먼지없는 호텔프랑스 프릴 차렵이불세트 SS/Q/K 8color,"54,900"
[맞춤] 국산 나비주름 항균 발수 암막커튼 자외선차단,"23,900"
[기간한정5%쿠폰] 데이라인 60수아사 순면 피그먼트 고정밴딩 침대패드,"26,900"
[15%쿠폰] 브랜드위크! NEW봄신상 차렵이불/커버/패드 특가,"38,600 외"
[NEW]미드센츄리 카이 먼지없는 항균 차렵이불세트 SS/Q 12컬러,"34,900"
봄맞이 그래이불 최대혜택 S/S시즌 이불/패드 특가전,"67,800 외"
,
,
,
,
,
,
,
,
,
,
[단독] 사박사박 미드나잇 호텔식 고밀도순면 매트리스커버 SS/Q/K 10colors,"27,900"
[10%쿠폰][증정이벤트]화이트 양모 폭신한 극세사 거실 러그 카페트 4size,"69,000"
[주말만!20%쿠폰+증정] 우유베개 리뉴얼 라텍스 기능성 경추베개,"59,000"
화이트 커튼레일 (길이조절식),"3,700"
정말정말 부드러운 두부 매트리스커버 SS/Q 25colors,"19,900"
[5%쿠폰]NEW사박시원 풍기인견X순면 썸머호텔 양면 여름 차렵이불세트 12color,"79,900"
디아망 방수러그 먼지없는 거실 대형 워셔블 카페트 고양이 러그 18color/16size,"25,800"
맞춤 원목 오동나무 우드블라인드,"7,900"
[리퍼] S급리퍼 원형/타원형 거실 러그 먼지없는 카페트 9size 3color,"12,800"
푹신한 층간소음 실내화 슬리퍼 라운드거실화,"6,500"
폭신폭신 알러지케어 침대 토퍼 하이퍼A 요토퍼 SS/Q 5컬러,"36,500"
못없이 커튼봉! 안뚫어고리 못없이 달기 버전4 2개,"8,900"
층간소음 방지 슬리퍼 실내화 두툼한 쿠션 거실화 7colors,"3,500"
13mm 미니 틈새 압축봉 (18~120cm),500
[기간한정5%쿠폰] 데이라인 60수아사 순면 피그먼트 고정밴딩 침대패드,"26,900"
[15%쿠폰] 브랜드위크! NEW봄신상 차렵이불/커버/패드 특가,"38,600 외"
[NEW]미드센츄리 카이 먼지없는 항균 차렵이불세트 SS/Q 12컬러,"34,900"
봄맞이 그래이불 최대혜택 S/S시즌 이불/패드 특가전,"67,800 외"
,
,
,
,
,
,
,
,
,
,
[5%쿠폰][맞춤] 포터리 쉬폰 커튼(핀형/봉집형),"29,500"
메모리폼 원형 사무실 긴 벤치 의자 식탁 방석,"7,900"
[맞춤] 차르르 도톰 쉬폰 화이트 나비주름 호텔식 커튼 맞춤제작,"20,700"
그로밋 강아지 커플 실내화 층간소음 거실 거실화 실내 실내용 홈 슬리퍼 실내화 룸슈즈,"13,400"
부드럽고 포근한 사계절 인테리어 거실 러그 카페트,"14,000"
자연을 담은 포토 디자인 베개커버 모음 38종,"19,900"
1+1 투톤 가죽 식탁매트 테이블매트 10colors,"11,900"
[NEW양면컬러]오가닉 순면 옥수수솜 차렵이불 세트 7색상,"59,800"
로코코 감성 레이스커튼 2장 2size 가리개커튼 망사커튼,"14,900"
에코레더 가죽식탁매트 투톤테이블매트 4컬러 조약돌,"6,660"
인디체크 순면 여름 차렵이불세트 SS/Q/K/EK 4colors,"28,900"
아론 러그 카페트 방수 거실 워셔블 (2Color / 5Size),"37,900"
품질보장유니크 블랙 다이아몬드 터프팅 러그 비정형 침대 현관 발매트 인테리어 카페트 집들이,"13,900"
사각 소프트 러그 카페트 8size 6color,"9,900"
[5%쿠폰]클린코튼 고밀도 순면60수 옥수수솜 간절기 호텔식 차렵이불 세트,"73,800"
가든 타올 층간소음방지 실내화 슬리퍼 몰드형 굽 실내화,"13,800"
[기간한정5%쿠폰] 데이라인 60수아사 순면 피그먼트 고정밴딩 침대패드,"26,900"
[15%쿠폰] 브랜드위크! NEW봄신상 차렵이불/커버/패드 특가,"38,600 외"
[NEW]미드센츄리 카이 먼지없는 항균 차렵이불세트 SS/Q 12컬러,"34,900"
봄맞이 그래이불 최대혜택 S/S시즌 이불/패드 특가전,"67,800 외"
,
,
,
,
,
,
,
,
,
,
터치미 원형 소프트 워셔블 샤기 겨울 러그 4size7color,"14,500"
이중커튼레일 (길이조절식),"6,000"
[단독] 사박사박 미드나잇 고밀도순면 베개커버 일반형/자루형 10colors,"9,900"
1+1 디망쉬 3중직 풀달 암막커튼 아일렛/핀형 10color 4size,"29,500"
베이직 몽글 슬림 사계절 소파패드 2인용 3인용 4인용 생활방수 깔개,"10,200"
사계절 모던 소파커버 카우치 덮개 쿠션 커버 4size 4colors,"14,800"
디올 옥수수솜 프리미엄 고밀도 호텔 차렵이불 세트 SS/Q/LK 2color,"89,900"
1+1 위생적인 감성 실리콘 식탁매트(M/L),"9,900"
더라인 순면 피그먼트 고정밴딩 패드겸이불 SS/D/Q/K/패밀리6컬러,"23,800"
기능성 원단 삼각 등받이쿠션 허리 쇼파 대형 등쿠션 19colors,"26,900"
모던 클래식 체크 단모 디자인 사이잘룩 카페트 사계절 러그 3color,"36,900"
네온 팝 워셔블 온감 단모 러그 카페트 5colors 6size,"18,500"
[기간한정5%쿠폰] 데이라인 60수아사 순면 피그먼트 고정밴딩 침대패드,"26,900"
[15%쿠폰] 브랜드위크! NEW봄신상 차렵이불/커버/패드 특가,"38,600 외"
[NEW]미드센츄리 카이 먼지없는 항균 차렵이불세트 SS/Q 12컬러,"34,900"
봄맞이 그래이불 최대혜택 S/S시즌 이불/패드 특가전,"67,800 외"
,
,
,
,
,
,
,
,
,
,
[5%쿠폰][맞춤]칼주름 형상기억 포에버 단면/양면 100% 암막커튼,"28,900"
글램 체크 광목 가리개 커튼 창문형/긴창형,"17,900"
[맞춤] 이음선 없는 쉬폰커튼 4종(나비주름/평주름),"16,900"
[단독] 1+1 호텔베개 순수구스 스탠다드 높이별 6종 900g-1400g 더스트백기획,"49,000"
쿨쿨 기능성 듀라론 냉감 고정밴딩 여름 침대패드 SS/Q/K-3컬러,"32,900"
[맞춤] 엘라 항균 암막커튼 나비주름/핀형/아일렛 24color,"18,900"
1+1 빨아쓰는 꿀잠 푹신 베개 50x70,"18,900"
노스베어 프리미엄 라셀10mm 장모극세사 차렵이불10색상,"69,900"
NEW컬러추가! 부드러운 버터이불 간절기/사계절 차렵이불세트 SS/Q/K,"24,900"
노르빅 호텔식 차렵이불 세트_7컬러 S/SS Q K,"42,900"
[단독] 버터 부드러운 홑매트리스커버 SS/Q/K 10colors,"9,900"
[맞춤] 세미 워싱 레이스 누빔 침대스커트 6colors,"29,900"
22mm 스프링 압축봉 (55~250cm),"3,500"
(1+1) 붙이는 셀프블라인드 11colors,"11,900"
면 모달와플 쇼파패드 2size 4colors,"31,300"
갓성비 원탑! 베스트 ㄷ자밴딩 누빔 매트리스커버 5size 6color,"14,500"
[기간한정5%쿠폰] 데이라인 60수아사 순면 피그먼트 고정밴딩 침대패드,"26,900"
[15%쿠폰] 브랜드위크! NEW봄신상 차렵이불/커버/패드 특가,"38,600 외"
[NEW]미드센츄리 카이 먼지없는 항균 차렵이불세트 SS/Q 12컬러,"34,900"
봄맞이 그래이불 최대혜택 S/S시즌 이불/패드 특가전,"67,800 외"
,
,
,
,
,
,
,
,
,
,
면 모달와플 쇼파패드 2size 4colors,"31,300"
갓성비 원탑! 베스트 ㄷ자밴딩 누빔 매트리스커버 5size 6color,"14,500"
강력 압축봉 못없이 커튼봉 무타공 옷걸이봉 10size,"7,900"
도톰 차르르 나비주름 거실 쉬폰커튼 (봉집형 레일형 벨크로형),"9,900"
1+1 경추베개 빨아쓰는 경추 목베개 일자목 목디스크 거북목베개,"29,900"
NEW 먼지없이 부드러운 카스테라 사계절 홑매트리스커버 SS/Q/K 15color,"16,900"
코지베어 리플 시어서커 여름 차렵이불세트 SS/Q 8colors,"29,700"
부드러운 원형 러그 카페트 미니 워셔블 포인트 러그 4size 디자인 사계절,"29,000"
[맞춤] 에블린쉐이드 콤비 블라인드 셀프 블라인드 12colors,"2,300"
[단독] 그로브 붙이는 암막 커튼 6종 6컬러,"9,900"
워셔블 포인트 온감 단모 러그 카페트 6size 4color,"21,900"
[단독] 피크닉 체커보드 터프팅 미니러그 쟈가드 발매트 주방매트 - 3color,"16,900"
2+2 별빛감성 디망쉬스타 펀칭암막+레이스커튼 세트 8color 3size,"50,900"
NEW스테이 먼지없는 고정밴드 침대패드 SS/Q/K 11color,"29,900"
[기간한정5%쿠폰] 데이라인 60수아사 순면 피그먼트 고정밴딩 침대패드,"26,900"
[15%쿠폰] 브랜드위크! NEW봄신상 차렵이불/커버/패드 특가,"38,600 외"
[NEW]미드센츄리 카이 먼지없는 항균 차렵이불세트 SS/Q 12컬러,"34,900"
봄맞이 그래이불 최대혜택 S/S시즌 이불/패드 특가전,"67,800 외"
,
,
,
,
,
,
,
,
,
,
1+1 노르딕 솔리드 암막커튼 2size 7color,"23,900"
로즐리 광목 창문 현관 가리개 커튼 창문형/긴창형,"14,900"
(1+1) 캔버스 삼각 등받이 쿠션 (8colors) 솜포함,"55,000"
TEXTURED 포르투갈 코튼 러그 카페트 3size,"38,000"
"[2.5배 주름]이음선 없이 촘촘한, 비침없는 차르르 쉬폰 커튼 나비주름 맞춤제작","16,700"
[주말특가] [맞춤] 소프트 린넨스타일 항균 암막커튼 9colors,"25,600"
"NEW 7cm 메모리솜 탄성 매트리스 토퍼 (네이비/그레이, SS/Q)","109,000"
자가드 프리미엄 주방매트(45X120) 11종,"35,900"
1+1 TERRY 워셔블 층간소음방지 실내화 폭신한 슬리퍼(6COLOR),"59,900"
사계절 체크 무드타일 러그 카페트 3size 2color,"33,600"
반려동물과 함께 드림웰 알러지케어 토퍼 SS/Q/K,"32,900"
[S급리퍼] 이지케어 투톤 워셔블 러그 카페트 6size,"6,900"
[맞춤] 관리가 쉬운 알루미늄 블라인드 25mm 28color,300
프리미엄 영유아 겸용 방수매트리스 커버 S/SS/Q,"9,900"
[기간한정5%쿠폰] 데이라인 60수아사 순면 피그먼트 고정밴딩 침대패드,"26,900"
[15%쿠폰] 브랜드위크! NEW봄신상 차렵이불/커버/패드 특가,"38,600 외"
[NEW]미드센츄리 카이 먼지없는 항균 차렵이불세트 SS/Q 12컬러,"34,900"
봄맞이 그래이불 최대혜택 S/S시즌 이불/패드 특가전,"67,800 외"
,
,
,
,
,
,
,
,
,
,
[단독]워셔블 페블 스튜디오 러그 카페트 3size 5color,"45,800"
[1+1]못없이 초간편 설치! 붙이는 찍찍이 솔리드 가리개/창문 암막커튼10컬러,"18,900"
푹신한 층간소음 방지 EVA 쿠션 실내화 거실 슬리퍼 사무실 거실화,"3,690"
[누잠] 침대 차박 캠핑 사계절 워셔블 토퍼 매트리스 SS Q (+1만원상당 세탁망 증정),"89,000"
베이지 워싱린넨 원형방석(솜포함) 3colors,"12,200"
방수기능 속커버 목까지 받쳐주는 빵빵한 삼각등받이 쿠션 16컬러 4사이즈 쇼파침대 헤드쿠션,"32,900"
쉼 스트라이프 발매트 2colors,"19,900"
[단독]여름을 겨울처럼 제습 3D냉감매쉬 한여름 냉감 침대밴딩패드S/SS/Q,"19,900"
[맞춤] 자수 민들레 플라워 트임형/일체형 중문 현관 문 베란다 도어 가림막 가리개 커튼,"27,900"
빈티지맨션 60수 고밀도순면 이불커버세트 SS/Q/K 8color,"49,900"
[단독]체커보드러그 미니 발매트 러그 매트 2color 집들이선물,"14,800"
워셔블 앨리스 방수 러그 카페트 물세탁매트 3color 4size,"28,900"
피그먼트 순면 누빔 고정밴드 침대패드,"36,000"
로맨틱가든 타원 플라워 발매트 미끄럼방지 침실 거실 주방 욕실 매트 4size,"4,900"
[기간한정5%쿠폰] 데이라인 60수아사 순면 피그먼트 고정밴딩 침대패드,"26,900"
[15%쿠폰] 브랜드위크! NEW봄신상 차렵이불/커버/패드 특가,"38,600 외"
[NEW]미드센츄리 카이 먼지없는 항균 차렵이불세트 SS/Q 12컬러,"34,900"
봄맞이 그래이불 최대혜택 S/S시즌 이불/패드 특가전,"67,800 외"
,
,
,
,
,
,
,
,
,
,
앙뜨 코듀로이 극세사 담요 대형 침대 쇼파 이불 블랭킷 4size 6colors,"12,900"
부드러운 알러지케어 먼지없는 강아지 털방지 크림이불세트 11컬러,"45,900"
에디션 단모 워셔블 러그 카페트 9type 3size,"29,900"
코튼 프릴 순면 피그먼트 워싱 여름/간절기 차렵이불세트 SS/Q&K,"46,900"
[쿠폰] 슬러브 이지케어 워셔블 사계절발매트 주방매트 러그 4사이즈 5색상,"9,900"
국내생산 겨울 한파용 사계절용 콘주화이바 구름 이불솜 2타입 SS/Q,"25,900"
체커보드 러그 매트 미니러그/욕실/화장실/주방/현관 (4 color),"17,900"
이브정원 피그먼트 이불겸패드 10colors,"36,900"
[단독특가] 4size 빈티지 화이트 레이스 심플 덮개 테이블보 협탁 가리개,"5,400"
맞춤] 데일리 체크 면 / 방수 테이블보 캠핑테이블보 5size 9colors,"12,900"
[10%쿠폰] 토파즈 60수 고밀도순면 호텔 이불커버세트SS/Q/K/EK 8색상,"46,900"
Switzerland fabric poster/curtain 135x230cm,"60,140"
유어메이트 안심 항균 차렵이불 베개 세트 8컬러 SS/Q,"25,900"
[맞춤] 샌드 스트라이프 가림막 공간분리 가리개커튼,"19,500"
